{"cameraMode":{"drawMode":0,"name":"Shaded","section":"Shading Mode"},"sceneLighting":true,"audioPlay":false,"sceneViewState":{"showFog":true,"showMaterialUpdate":false,"showSkybox":true,"showFlares":true,"showImageEffects":true,"showParticleSystems":true},"in2DMode":false,"pivot":{"x":-0.08541858941316605,"y":1.9600000381469727,"z":-132.52999877929688},"rotation":{"x":-0.1822333186864853,"y":-0.2329052835702896,"z":0.04447034373879433,"w":-0.9542372226715088},"size":1.915542483329773,"orthographic":true}